[
  { "id" : "demo_root_1", "text" : "Project", "children" : true, "type" : "root" },
  { "id" : "demo_root_2", "text" : "Assets", "type" : "root" },
  { "id" : "demo_root_3", "text" : "Icons", "type" : "root" },
  { "id" : "demo_root_4", "text" : "Events", "type" : "root" },
  { "id" : "demo_root_5", "text" : "Ui Kits", "type" : "root" },
  { "id" : "demo_root_6", "text" : "Forms", "type" : "root" },
  { "id" : "demo_root_7", "text" : "Chats", "type" : "root" },
  { "id" : "demo_root_8", "text" : "Pages", "type" : "root" },
  { "id" : "demo_root_9", "text" : "Tables", "type" : "root" },
  { "id" : "demo_root_10", "text" : "Documentations", "type" : "root" }
]